城市,日期,温度,天气,湿度,风向,紫外线,空气质量,PM值,日出,日落
阿城,2024年12月25日　星期三　甲辰年冬月廿五,-7℃,晴-16 ~ -6℃,湿度：70%,风向：西南风 4级,紫外线：弱,空气质量：良,PM: 65,07:10,15:53
昂昂溪,2024年12月25日　星期三　甲辰年冬月廿五,-17℃,晴-19 ~ -13℃,湿度：79%,风向：北风 3级,紫外线：很弱,空气质量：优,PM: 18,07:29,15:59
爱民,2024年12月25日　星期三　甲辰年冬月廿五,-4℃,轻度雾霾-15 ~ -2℃,湿度：67%,风向：西南风 3级,紫外线：弱,空气质量：轻度污染,PM: 93,06:56,15:46
安达,2024年12月25日　星期三　甲辰年冬月廿五,-13℃,晴-19 ~ -8℃,湿度：73%,风向：西风 3级,紫外线：弱,空气质量：良,PM: 61,07:20,15:56
爱辉,2024年12月25日　星期三　甲辰年冬月廿五,-17℃,阴-22 ~ -15℃,湿度：75%,风向：北风 3级,紫外线：很弱,空气质量：优,PM: 13,07:28,15:31
安图,2024年12月25日　星期三　甲辰年冬月廿五,-12℃,晴-16 ~ -3℃,湿度：84%,风向：西风 3级,紫外线：弱,空气质量：良,PM: 34,06:54,15:54
鞍山,2024年12月25日　星期三　甲辰年冬月廿五,3℃,轻度雾霾-6 ~ 5℃,湿度：63%,风向：西南风 3级,紫外线：弱,空气质量：轻度污染,PM: 83,07:11,16:24
阿旗,2024年12月25日　星期三　甲辰年冬月廿五,-4℃,晴-12 ~ -4℃,湿度：34%,风向：西风 5级,紫外线：弱,空气质量：优,PM: 0,07:32,16:27
敖汉,2024年12月25日　星期三　甲辰年冬月廿五,-3℃,晴-13 ~ -2℃,湿度：56%,风向：西风 5级,紫外线：弱,空气质量：良,PM: 39,07:27,16:33
阿鲁科尔沁旗,2024年12月25日　星期三　甲辰年冬月廿五,-4℃,晴-12 ~ -4℃,湿度：34%,风向：西风 5级,紫外线：弱,空气质量：优,PM: 0,07:32,16:27
阿巴嘎,2024年12月25日　星期三　甲辰年冬月廿五,-18℃,阴-19 ~ -12℃,湿度：69%,风向：西风 5级,紫外线：无,空气质量：优,PM: 15,07:53,16:47
阿荣旗,2024年12月25日　星期三　甲辰年冬月廿五,-11℃,小雪-20 ~ -11℃,湿度：69%,风向：北风 4级,紫外线：很弱,空气质量：优,PM: 31,07:35,15:57
阿尔山,2024年12月25日　星期三　甲辰年冬月廿五,-18℃,雾-22 ~ -14℃,湿度：79%,风向：西北风 2级,紫外线：很弱,空气质量：优,PM: 0,07:45,16:15
阿拉善盟,2024年12月25日　星期三　甲辰年冬月廿五,-9℃,多云-10 ~ -4℃,湿度：51%,风向：东北风 2级,紫外线：很弱,空气质量：优,PM: 3,08:13,17:40
阿拉善左旗,2024年12月25日　星期三　甲辰年冬月廿五,-9℃,多云-9 ~ -3℃,湿度：53%,风向：东北风 2级,紫外线：很弱,空气质量：优,PM: 23,08:13,17:41
阿拉善右旗,2024年12月25日　星期三　甲辰年冬月廿五,-12℃,晴-12 ~ -5℃,湿度：41%,风向：西北风 2级,紫外线：无,空气质量：优,PM: 30,08:31,17:55
安新,2024年12月25日　星期三　甲辰年冬月廿五,-5℃,中度雾霾-5 ~ 6℃,湿度：73%,风向：西南风 2级,紫外线：很弱,空气质量：中度污染,PM: 125,07:33,16:59
安国,2024年12月25日　星期三　甲辰年冬月廿五,-5℃,轻度雾霾-5 ~ 8℃,湿度：78%,风向：西南风 2级,紫外线：很弱,空气质量：轻度污染,PM: 82,07:34,17:03
安次,2024年12月25日　星期三　甲辰年冬月廿五,-3℃,中度雾霾-4 ~ 5℃,湿度：71%,风向：西南风 1级,紫外线：弱,空气质量：中度污染,PM: 116,07:31,16:54
安平,2024年12月25日　星期三　甲辰年冬月廿五,1℃,中度雾霾-5 ~ 6℃,湿度：69%,风向：西南风 2级,紫外线：弱,空气质量：中度污染,PM: 125,07:32,17:03
安庆,2024年12月25日　星期三　甲辰年冬月廿五,3℃,轻度雾霾3 ~ 12℃,湿度：80%,风向：东北风 1级,紫外线：很弱,空气质量：轻度污染,PM: 100,07:06,17:17
安顺,2024年12月25日　星期三　甲辰年冬月廿五,3℃,雾3 ~ 9℃,湿度：99%,风向：东风 2级,紫外线：很弱,空气质量：优,PM: 17,07:41,18:11
宝山,2024年12月25日　星期三　甲辰年冬月廿五,9℃,雾4 ~ 12℃,湿度：83%,风向：东风 2级,紫外线：很弱,空气质量：优,PM: 33,06:50,16:57
北塘,2024年12月25日　星期三　甲辰年冬月廿五,7℃,雾7 ~ 12℃,湿度：93%,风向：东南风 2级,紫外线：很弱,空气质量：良,PM: 51,06:56,17:01
滨湖,2024年12月25日　星期三　甲辰年冬月廿五,8℃,雾4 ~ 11℃,湿度：92%,风向：东南风 2级,紫外线：很弱,空气质量：良,PM: 34,06:55,17:02
宝应,2024年12月25日　星期三　甲辰年冬月廿五,5℃,轻度雾霾3 ~ 11℃,湿度：78%,风向：东南风 1级,紫外线：很弱,空气质量：轻度污染,PM: 85,07:03,17:01
保康,2024年12月25日　星期三　甲辰年冬月廿五,5℃,晴-1 ~ 7℃,湿度：66%,风向：西风 1级,紫外线：中等,空气质量：优,PM: 16,07:32,17:37
巴东,2024年12月25日　星期三　甲辰年冬月廿五,8℃,多云5 ~ 8℃,湿度：73%,风向：东南风 1级,紫外线：很弱,空气质量：良,PM: 71,07:34,17:42
滨江,2024年12月25日　星期三　甲辰年冬月廿五,11℃,多云6 ~ 12℃,湿度：67%,风向：西风 1级,紫外线：很弱,空气质量：良,PM: 50,06:53,17:05
北仑,2024年12月25日　星期三　甲辰年冬月廿五,8℃,雾8 ~ 15℃,湿度：92%,风向：西风 1级,紫外线：很弱,空气质量：良,PM: 53,06:45,16:59
包河,2024年12月25日　星期三　甲辰年冬月廿五,8℃,轻度雾霾3 ~ 11℃,湿度：71%,风向：北风 1级,紫外线：弱,空气质量：轻度污染,PM: 85,07:08,17:13
蚌埠,2024年12月25日　星期三　甲辰年冬月廿五,5℃,轻度雾霾1 ~ 10℃,湿度：76%,风向：西北风 1级,紫外线：弱,空气质量：轻度污染,PM: 101,07:10,17:10
蚌山,2024年12月25日　星期三　甲辰年冬月廿五,7℃,轻度雾霾1 ~ 10℃,湿度：74%,风向：北风 1级,紫外线：中等,空气质量：轻度污染,PM: 98,07:11,17:10
八公山,2024年12月25日　星期三　甲辰年冬月廿五,8℃,中度雾霾2 ~ 9℃,湿度：67%,风向：西北风 1级,紫外线：中等,空气质量：中度污染,PM: 133,07:12,17:13
博望,2024年12月25日　星期三　甲辰年冬月廿五,5℃,轻度雾霾5 ~ 12℃,湿度：82%,风向：西南风 1级,紫外线：弱,空气质量：轻度污染,PM: 82,07:01,17:07
亳州,2024年12月25日　星期三　甲辰年冬月廿五,6℃,轻度雾霾-2 ~ 9℃,湿度：77%,风向：西北风 1级,紫外线：中等,空气质量：轻度污染,PM: 91,07:19,17:14
北湖,2024年12月25日　星期三　甲辰年冬月廿五,6℃,轻度雾霾4 ~ 13℃,湿度：71%,风向：北风 1级,紫外线：弱,空气质量：轻度污染,PM: 90,07:12,17:44
北塔,2024年12月25日　星期三　甲辰年冬月廿五,7℃,轻度雾霾2 ~ 13℃,湿度：77%,风向：东北风 1级,紫外线：中等,空气质量：轻度污染,PM: 78,07:21,17:47
保靖,2024年12月25日　星期三　甲辰年冬月廿五,7℃,雾4 ~ 10℃,湿度：79%,风向：东北风 1级,紫外线：很弱,空气质量：良,PM: 64,07:31,17:51
贵阳白云,2024年12月25日　星期三　甲辰年冬月廿五,3℃,雾2 ~ 7℃,湿度：97%,风向：东北风 2级,紫外线：很弱,空气质量：良,PM: 48,07:39,18:07
碧江,2024年12月25日　星期三　甲辰年冬月廿五,8℃,雾5 ~ 9℃,湿度：52%,风向：东北风 1级,紫外线：很弱,空气质量：良,PM: 61,07:31,17:55
播州,2024年12月25日　星期三　甲辰年冬月廿五,2℃,雾2 ~ 6℃,湿度：100%,风向：东北风 1级,紫外线：很弱,空气质量：良,PM: 68,07:40,18:05
毕节,2024年12月25日　星期三　甲辰年冬月廿五,2℃,雾1 ~ 4℃,湿度：93%,风向：北风 2级,紫外线：很弱,空气质量：优,PM: 3,07:46,18:11
北海,2024年12月25日　星期三　甲辰年冬月廿五,19℃,轻度雾霾16 ~ 21℃,湿度：56%,风向：东北风 3级,紫外线：很弱,空气质量：轻度污染,PM: 80,07:18,18:08
昌平,2024年12月25日　星期三　甲辰年冬月廿五,-7℃,晴-7 ~ 4℃,湿度：68%,风向：西北风 2级,紫外线：无,空气质量：良,PM: 42,07:35,16:54
澄城,2024年12月25日　星期三　甲辰年冬月廿五,-1℃,多云-4 ~ 5℃,湿度：67%,风向：西南风 1级,紫外线：很弱,空气质量：良,PM: 69,07:46,17:34
城北,2024年12月25日　星期三　甲辰年冬月廿五,-9℃,雾-14 ~ -1℃,湿度：81%,风向：北风 1级,紫外线：很弱,空气质量：轻度污染,PM: 108,08:23,18:02
常熟,2024年12月25日　星期三　甲辰年冬月廿五,7℃,雾5 ~ 12℃,湿度：90%,风向：东风 2级,紫外线：很弱,空气质量：良,PM: 59,06:54,16:59
常州,2024年12月25日　星期三　甲辰年冬月廿五,7℃,多云6 ~ 12℃,湿度：82%,风向：东南风 2级,紫外线：很弱,空气质量：良,PM: 63,06:57,17:02
常山,2024年12月25日　星期三　甲辰年冬月廿五,10℃,晴6 ~ 15℃,湿度：88%,风向：北风 1级,紫外线：中等,空气质量：良,PM: 67,06:56,17:15
长丰,2024年12月25日　星期三　甲辰年冬月廿五,6℃,中度雾霾4 ~ 10℃,湿度：65%,风向：西北风 1级,紫外线：弱,空气质量：中度污染,PM: 120,07:10,17:12
巢湖,2024年12月25日　星期三　甲辰年冬月廿五,7℃,轻度雾霾3 ~ 11℃,湿度：83%,风向：西北风 1级,紫外线：很弱,空气质量：轻度污染,PM: 91,07:05,17:11
滁州,2024年12月25日　星期三　甲辰年冬月廿五,4℃,晴1 ~ 12℃,湿度：75%,风向：北风 1级,紫外线：弱,空气质量：良,PM: 63,07:05,17:07
池州,2024年12月25日　星期三　甲辰年冬月廿五,5℃,轻度雾霾5 ~ 12℃,湿度：81%,风向：东北风 0级,紫外线：很弱,空气质量：轻度污染,PM: 92,07:05,17:15
长乐,2024年12月25日　星期三　甲辰年冬月廿五,15℃,阴12 ~ 19℃,湿度：68%,风向：北风 2级,紫外线：很弱,空气质量：优,PM: 13,06:46,17:17
仓山,2024年12月25日　星期三　甲辰年冬月廿五,14℃,多云12 ~ 21℃,湿度：68%,风向：西北风 1级,紫外线：很弱,空气质量：优,PM: 13,06:47,17:18
城厢,2024年12月25日　星期三　甲辰年冬月廿五,15℃,多云13 ~ 22℃,湿度：66%,风向：北风 2级,紫外线：很弱,空气质量：优,PM: 3,06:47,17:20
崇武,2024年12月25日　星期三　甲辰年冬月廿五,17℃,多云14 ~ 18℃,湿度：71%,风向：东北风 4级,紫外线：弱,空气质量：优,PM: 11,06:46,17:22
长泰,2024年12月25日　星期三　甲辰年冬月廿五,16℃,多云14 ~ 22℃,湿度：84%,风向：北风 1级,紫外线：很弱,空气质量：优,PM: 30,06:50,17:27
长汀,2024年12月25日　星期三　甲辰年冬月廿五,10℃,晴5 ~ 17℃,湿度：76%,风向：西北风 1级,紫外线：中等,空气质量：优,PM: 29,06:58,17:30
崇仁,2024年12月25日　星期三　甲辰年冬月廿五,9℃,晴4 ~ 15℃,湿度：84%,风向：东北风 2级,紫外线：中等,空气质量：良,PM: 61,07:04,17:27
崇义,2024年12月25日　星期三　甲辰年冬月廿五,7℃,晴5 ~ 15℃,湿度：80%,风向：北风 1级,紫外线：弱,空气质量：良,PM: 44,07:06,17:39
昌江区,2024年12月25日　星期三　甲辰年冬月廿五,9℃,晴4 ~ 13℃,湿度：90%,风向：西北风 1级,紫外线：中等,空气质量：良,PM: 46,07:03,17:19
长沙,2024年12月25日　星期三　甲辰年冬月廿五,7℃,轻度雾霾2 ~ 12℃,湿度：67%,风向：北风 2级,紫外线：中等,空气质量：轻度污染,PM: 102,07:17,17:39
茶陵,2024年12月25日　星期三　甲辰年冬月廿五,8℃,轻度雾霾4 ~ 15℃,湿度：72%,风向：西北风 1级,紫外线：中等,空气质量：轻度污染,PM: 90,07:12,17:39
常宁,2024年12月25日　星期三　甲辰年冬月廿五,8℃,轻度雾霾5 ~ 14℃,湿度：69%,风向：北风 1级,紫外线：中等,空气质量：轻度污染,PM: 80,07:15,17:45
郴州,2024年12月25日　星期三　甲辰年冬月廿五,6℃,轻度雾霾4 ~ 13℃,湿度：74%,风向：东北风 1级,紫外线：很弱,空气质量：轻度污染,PM: 87,07:12,17:44
常德,2024年12月25日　星期三　甲辰年冬月廿五,5℃,雾5 ~ 10℃,湿度：59%,风向：东北风 1级,紫外线：很弱,空气质量：中度污染,PM: 128,07:24,17:42
城步,2024年12月25日　星期三　甲辰年冬月廿五,5℃,晴1 ~ 14℃,湿度：68%,风向：东风 1级,紫外线：弱,空气质量：良,PM: 63,07:24,17:53
成都,2024年12月25日　星期三　甲辰年冬月廿五,6℃,多云6 ~ 10℃,湿度：98%,风向：北风 1级,紫外线：无,空气质量：良,PM: 50,07:58,18:09
丁青,2024年12月25日　星期三　甲辰年冬月廿五,-5℃,晴-13 ~ -1℃,湿度：61%,风向：西南风 1级,紫外线：中等,空气质量：优,PM: 0,08:34,18:41
大通回族,2024年12月25日　星期三　甲辰年冬月廿五,-12℃,雾-16 ~ -4℃,湿度：75%,风向：北风 1级,紫外线：很弱,空气质量：轻度污染,PM: 101,08:24,18:02
达日,2024年12月25日　星期三　甲辰年冬月廿五,-9℃,多云-11 ~ -3℃,湿度：41%,风向：南风 1级,紫外线：很弱,空气质量：优,PM: 15,08:24,18:19
多县,2024年12月25日　星期三　甲辰年冬月廿五,-14℃,雾-14 ~ -8℃,湿度：59%,风向：北风 2级,紫外线：很弱,空气质量：优,PM: 0,08:32,18:21
大柴旦,2024年12月25日　星期三　甲辰年冬月廿五,-15℃,晴-17 ~ -9℃,湿度：41%,风向：东南风 1级,紫外线：无,空气质量：优,PM: 0,08:52,18:25
都兰,2024年12月25日　星期三　甲辰年冬月廿五,-13℃,雾-14 ~ -4℃,湿度：57%,风向：东南风 2级,紫外线：无,空气质量：优,PM: 8,08:36,18:18
德令哈,2024年12月25日　星期三　甲辰年冬月廿五,-14℃,多云-18 ~ -7℃,湿度：55%,风向：东北风 2级,紫外线：无,空气质量：优,PM: 13,08:42,18:18
定西,2024年12月25日　星期三　甲辰年冬月廿五,-8℃,雾-8 ~ -1℃,湿度：75%,风向：西北风 1级,紫外线：无,空气质量：良,PM: 72,08:08,17:54
敦煌,2024年12月25日　星期三　甲辰年冬月廿五,-9℃,雾-10 ~ -5℃,湿度：62%,风向：西风 2级,紫外线：很弱,空气质量：优,PM: 0,09:01,18:21
宕昌,2024年12月25日　星期三　甲辰年冬月廿五,-5℃,晴-6 ~ 1℃,湿度：65%,风向：东北风 1级,紫外线：很弱,空气质量：良,PM: 32,08:05,17:59
东乡族,2024年12月25日　星期三　甲辰年冬月廿五,-9℃,雾-9 ~ -2℃,湿度：76%,风向：西北风 1级,紫外线：很弱,空气质量：轻度污染,PM: 115,08:14,17:59
迭部,2024年12月25日　星期三　甲辰年冬月廿五,-6℃,晴-7 ~ -0℃,湿度：77%,风向：东风 1级,紫外线：弱,空气质量：良,PM: 52,08:10,18:03
大武口,2024年12月25日　星期三　甲辰年冬月廿五,-6℃,中度雾霾-10 ~ -2℃,湿度：79%,风向：西北风 1级,紫外线：很弱,空气质量：中度污染,PM: 131,08:11,17:37
登封,2024年12月25日　星期三　甲辰年冬月廿五,10℃,轻度雾霾1 ~ 10℃,湿度：34%,风向：西风 2级,紫外线：弱,空气质量：轻度污染,PM: 80,07:32,17:23
邓州,2024年12月25日　星期三　甲辰年冬月廿五,3℃,轻度雾霾1 ~ 11℃,湿度：82%,风向：西风 1级,紫外线：弱,空气质量：轻度污染,PM: 88,07:31,17:31
郸城,2024年12月25日　星期三　甲辰年冬月廿五,3℃,轻度雾霾-2 ~ 9℃,湿度：77%,风向：西北风 1级,紫外线：弱,空气质量：轻度污染,PM: 109,07:21,17:17
丹阳,2024年12月25日　星期三　甲辰年冬月廿五,7℃,轻度雾霾4 ~ 11℃,湿度：84%,风向：西北风 1级,紫外线：弱,空气质量：轻度污染,PM: 90,06:59,17:03
丹徒,2024年12月25日　星期三　甲辰年冬月廿五,6℃,轻度雾霾2 ~ 11℃,湿度：89%,风向：西北风 1级,紫外线：中等,空气质量：轻度污染,PM: 81,07:00,17:03
东台,2024年12月25日　星期三　甲辰年冬月廿五,6℃,晴3 ~ 12℃,湿度：79%,风向：北风 1级,紫外线：弱,空气质量：良,PM: 63,06:59,16:58
大丰,2024年12月25日　星期三　甲辰年冬月廿五,6℃,轻度雾霾-0 ~ 10℃,湿度：86%,风向：南风 1级,紫外线：弱,空气质量：轻度污染,PM: 78,06:59,16:57
鄂州,2024年12月25日　星期三　甲辰年冬月廿五,6℃,轻度雾霾4 ~ 10℃,湿度：75%,风向：西北风 1级,紫外线：弱,空气质量：轻度污染,PM: 93,07:14,17:26
峨山,2024年12月25日　星期三　甲辰年冬月廿五,11℃,晴5 ~ 18℃,湿度：100%,风向：西南风 2级,紫外线：中等,空气质量：良,PM: 39,07:51,18:29
丰台,2024年12月25日　星期三　甲辰年冬月廿五,-6℃,晴-6 ~ 5℃,湿度：71%,风向：北风 1级,紫外线：很弱,空气质量：良,PM: 48,07:34,16:55
房山,2024年12月25日　星期三　甲辰年冬月廿五,-8℃,晴-8 ~ 7℃,湿度：88%,风向：北风 1级,紫外线：很弱,空气质量：良,PM: 48,07:34,16:56
奉贤,2024年12月25日　星期三　甲辰年冬月廿五,10℃,雾3 ~ 14℃,湿度：90%,风向：南风 2级,紫外线：很弱,空气质量：优,PM: 30,06:49,16:58
涪陵,2024年12月25日　星期三　甲辰年冬月廿五,8℃,轻度雾霾转小雨7 ~ 10℃,湿度：77%,风向：北风 1级,紫外线：很弱,空气质量：轻度污染,PM: 85,07:43,17:57
奉节,2024年12月25日　星期三　甲辰年冬月廿五,8℃,轻度雾霾4 ~ 11℃,湿度：68%,风向：东北风 1级,紫外线：很弱,空气质量：轻度污染,PM: 86,07:38,17:46
丰都,2024年12月25日　星期三　甲辰年冬月廿五,9℃,轻度雾霾7 ~ 10℃,湿度：94%,风向：东风 1级,紫外线：无,空气质量：轻度污染,PM: 88,07:42,17:56
方正,2024年12月25日　星期三　甲辰年冬月廿五,-4℃,多云-15 ~ -4℃,湿度：72%,风向：西南风 3级,紫外线：弱,空气质量：优,PM: 0,07:04,15:44
富裕,2024年12月25日　星期三　甲辰年冬月廿五,-14℃,晴-23 ~ -13℃,湿度：74%,风向：北风 4级,紫外线：弱,空气质量：优,PM: 31,07:29,15:54
峰峰,2024年12月25日　星期三　甲辰年冬月廿五,1℃,雾-1 ~ 7℃,湿度：62%,风向：西南风 1级,紫外线：很弱,空气质量：轻度污染,PM: 105,07:32,17:13
肥乡,2024年12月25日　星期三　甲辰年冬月廿五,1℃,雾-4 ~ 6℃,湿度：79%,风向：西南风 2级,紫外线：很弱,空气质量：重度污染,PM: 160,07:30,17:11
复兴,2024年12月25日　星期三　甲辰年冬月廿五,2℃,雾-3 ~ 7℃,湿度：82%,风向：南风 2级,紫外线：很弱,空气质量：中度污染,PM: 134,07:32,17:12
抚宁,2024年12月25日　星期三　甲辰年冬月廿五,-1℃,轻度雾霾-5 ~ 6℃,湿度：72%,风向：西风 2级,紫外线：弱,空气质量：轻度污染,PM: 83,07:22,16:43
汾西,2024年12月25日　星期三　甲辰年冬月廿五,-0℃,雾-5 ~ 5℃,湿度：30%,风向：西北风 2级,紫外线：很弱,空气质量：中度污染,PM: 123,07:44,17:23
浮山,2024年12月25日　星期三　甲辰年冬月廿五,1℃,雾-4 ~ 4℃,湿度：56%,风向：西北风 2级,紫外线：很弱,空气质量：中度污染,PM: 116,07:41,17:24
繁峙,2024年12月25日　星期三　甲辰年冬月廿五,-6℃,晴-11 ~ -3℃,湿度：52%,风向：西北风 2级,紫外线：很弱,空气质量：良,PM: 22,07:44,17:09
方山,2024年12月25日　星期三　甲辰年冬月廿五,-8℃,多云-9 ~ -2℃,湿度：70%,风向：北风 2级,紫外线：很弱,空气质量：良,PM: 49,07:48,17:21
汾阳,2024年12月25日　星期三　甲辰年冬月廿五,-5℃,多云-6 ~ 5℃,湿度：69%,风向：西北风 2级,紫外线：很弱,空气质量：良,PM: 50,07:44,17:21
富县,2024年12月25日　星期三　甲辰年冬月廿五,-6℃,阴-7 ~ 3℃,湿度：81%,风向：东北风 3级,紫外线：很弱,空气质量：良,PM: 56,07:50,17:34
府谷,2024年12月25日　星期三　甲辰年冬月廿五,-8℃,晴-10 ~ -1℃,湿度：67%,风向：西风 1级,紫外线：弱,空气质量：良,PM: 21,07:52,17:18
富平,2024年12月25日　星期三　甲辰年冬月廿五,-2℃,晴-2 ~ 7℃,湿度：76%,风向：西南风 1级,紫外线：无,空气质量：良,PM: 73,07:48,17:38
佛坪,2024年12月25日　星期三　甲辰年冬月廿五,-0℃,晴-4 ~ 6℃,湿度：90%,风向：北风 2级,紫外线：弱,空气质量：良,PM: 66,07:50,17:46
凤翔,2024年12月25日　星期三　甲辰年冬月廿五,3℃,轻度雾霾-2 ~ 6℃,湿度：59%,风向：西风 2级,紫外线：中等,空气质量：轻度污染,PM: 89,07:55,17:46
扶风,2024年12月25日　星期三　甲辰年冬月廿五,2℃,轻度雾霾-1 ~ 7℃,湿度：71%,风向：西风 2级,紫外线：中等,空气质量：轻度污染,PM: 89,07:52,17:44
凤县,2024年12月25日　星期三　甲辰年冬月廿五,-5℃,晴-5 ~ 5℃,湿度：78%,风向：东北风 1级,紫外线：无,空气质量：良,PM: 40,07:56,17:51
福山,2024年12月25日　星期三　甲辰年冬月廿五,2℃,晴1 ~ 7℃,湿度：73%,风向：西南风 2级,紫外线：弱,空气质量：良,PM: 75,07:07,16:42
坊子,2024年12月25日　星期三　甲辰年冬月廿五,1℃,中度雾霾-0 ~ 8℃,湿度：71%,风向：西风 1级,紫外线：弱,空气质量：中度污染,PM: 117,07:13,16:53
肥城,2024年12月25日　星期三　甲辰年冬月廿五,-3℃,轻度雾霾-3 ~ 7℃,湿度：73%,风向：南风 2级,紫外线：弱,空气质量：轻度污染,PM: 109,07:21,17:04
费县,2024年12月25日　星期三　甲辰年冬月廿五,-1℃,重度雾霾-1 ~ 8℃,湿度：60%,风向：西风 1级,紫外线：很弱,空气质量：重度污染,PM: 216,07:14,17:01
古浪,2024年12月25日　星期三　甲辰年冬月廿五,-9℃,雾-16 ~ -5℃,湿度：68%,风向：西南风 2级,紫外线：很弱,空气质量：良,PM: 49,08:21,17:56
高台,2024年12月25日　星期三　甲辰年冬月廿五,-12℃,晴-13 ~ -5℃,湿度：67%,风向：南风 2级,紫外线：很弱,空气质量：良,PM: 29,08:38,18:02
甘州,2024年12月25日　星期三　甲辰年冬月廿五,-13℃,晴-16 ~ -5℃,湿度：78%,风向：南风 2级,紫外线：弱,空气质量：良,PM: 49,08:34,18:01
瓜州,2024年12月25日　星期三　甲辰年冬月廿五,-10℃,雾-11 ~ -6℃,湿度：55%,风向：西风 2级,紫外线：很弱,空气质量：优,PM: 0,08:58,18:15
甘谷,2024年12月25日　星期三　甲辰年冬月廿五,-1℃,晴-2 ~ 4℃,湿度：64%,风向：西北风 1级,紫外线：弱,空气质量：良,PM: 29,08:03,17:53
广河,2024年12月25日　星期三　甲辰年冬月廿五,-6℃,雾-8 ~ -2℃,湿度：87%,风向：西北风 1级,紫外线：很弱,空气质量：轻度污染,PM: 115,08:12,17:58
甘南,2024年12月25日　星期三　甲辰年冬月廿五,-8℃,雾-9 ~ 1℃,湿度：76%,风向：西风 0级,紫外线：无,空气质量：良,PM: 64,08:14,18:02
固原,2024年12月25日　星期三　甲辰年冬月廿五,-7℃,雾-8 ~ -1℃,湿度：52%,风向：西北风 1级,紫外线：很弱,空气质量：良,PM: 29,08:03,17:46
巩义,2024年12月25日　星期三　甲辰年冬月廿五,2℃,轻度雾霾1 ~ 10℃,湿度：51%,风向：西南风 2级,紫外线：很弱,空气质量：轻度污染,PM: 78,07:33,17:22
管城回族,2024年12月25日　星期三　甲辰年冬月廿五,3℃,中度雾霾-2 ~ 11℃,湿度：73%,风向：西北风 1级,紫外线：弱,空气质量：中度污染,PM: 123,07:30,17:20
光山,2024年12月25日　星期三　甲辰年冬月廿五,5℃,轻度雾霾1 ~ 10℃,湿度：92%,风向：西南风 1级,紫外线：弱,空气质量：轻度污染,PM: 80,07:18,17:22
固始,2024年12月25日　星期三　甲辰年冬月廿五,6℃,中度雾霾2 ~ 9℃,湿度：84%,风向：西南风 1级,紫外线：弱,空气质量：中度污染,PM: 141,07:16,17:18
开封鼓楼,2024年12月25日　星期三　甲辰年冬月廿五,6℃,中度雾霾-0 ~ 9℃,湿度：61%,风向：西风 2级,紫外线：中等,空气质量：中度污染,PM: 128,07:27,17:17
高淳,2024年12月25日　星期三　甲辰年冬月廿五,7℃,轻度雾霾5 ~ 12℃,湿度：81%,风向：西北风 2级,紫外线：弱,空气质量：轻度污染,PM: 86,07:01,17:08
鼓楼,2024年12月25日　星期三　甲辰年冬月廿五,6℃,晴4 ~ 12℃,湿度：71%,风向：西北风 1级,紫外线：很弱,空气质量：良,PM: 68,07:03,17:06
姑苏,2024年12月25日　星期三　甲辰年冬月廿五,9℃,雾5 ~ 11℃,湿度：82%,风向：东风 1级,紫外线：很弱,空气质量：良,PM: 52,06:54,17:01
港闸,2024年12月25日　星期三　甲辰年冬月廿五,8℃,雾4 ~ 11℃,湿度：82%,风向：东风 1级,紫外线：很弱,空气质量：良,PM: 60,06:55,16:58
高邮,2024年12月25日　星期三　甲辰年冬月廿五,6℃,轻度雾霾3 ~ 10℃,湿度：84%,风向：东南风 1级,紫外线：中等,空气质量：轻度污染,PM: 105,07:02,17:02
广陵,2024年12月25日　星期三　甲辰年冬月廿五,5℃,轻度雾霾1 ~ 11℃,湿度：91%,风向：东风 1级,紫外线：中等,空气质量：轻度污染,PM: 90,07:01,17:03
徐州鼓楼,2024年12月25日　星期三　甲辰年冬月廿五,4℃,中度雾霾-1 ~ 8℃,湿度：82%,风向：西风 1级,紫外线：弱,空气质量：中度污染,PM: 129,07:15,17:07
海淀,2024年12月25日　星期三　甲辰年冬月廿五,-4℃,晴-4 ~ 5℃,湿度：68%,风向：北风 1级,紫外线：很弱,空气质量：良,PM: 61,07:34,16:55
霍林郭勒,2024年12月25日　星期三　甲辰年冬月廿五,-15℃,阴-19 ~ -12℃,湿度：63%,风向：西风 5级,紫外线：很弱,空气质量：优,PM: 0,07:40,16:22
浩尔吐,2024年12月25日　星期三　甲辰年冬月廿五,-12℃,阴-18 ~ -8℃,湿度：45%,风向：西北风 6级,紫外线：很弱,空气质量：优,PM: 0,07:38,16:27
红山,2024年12月25日　星期三　甲辰年冬月廿五,-3℃,晴-11 ~ -3℃,湿度：28%,风向：西风 5级,紫外线：弱,空气质量：良,PM: 11,07:31,16:37
杭锦旗,2024年12月25日　星期三　甲辰年冬月廿五,-9℃,晴-13 ~ -7℃,湿度：59%,风向：西北风 3级,紫外线：弱,空气质量：优,PM: 18,08:04,17:25
海力素,2024年12月25日　星期三　甲辰年冬月廿五,-7℃,晴-11 ~ -5℃,湿度：51%,风向：东风 2级,紫外线：弱,空气质量：良,PM: 16,08:12,17:28
杭锦后旗,2024年12月25日　星期三　甲辰年冬月廿五,-8℃,晴-12 ~ -4℃,湿度：51%,风向：东风 1级,紫外线：很弱,空气质量：良,PM: 20,08:14,17:28
海拉尔,2024年12月25日　星期三　甲辰年冬月廿五,-18℃,阴-25 ~ -16℃,湿度：77%,风向：北风 2级,紫外线：很弱,空气质量：优,PM: 12,07:54,16:07
呼伦贝尔,2024年12月25日　星期三　甲辰年冬月廿五,-20℃,多云-25 ~ -16℃,湿度：79%,风向：北风 3级,紫外线：无,空气质量：优,PM: 13,07:54,16:07
胡尔勒,2024年12月25日　星期三　甲辰年冬月廿五,-11℃,多云-14 ~ -8℃,湿度：82%,风向：东北风 2级,紫外线：很弱,空气质量：良,PM: 20,07:34,16:08
怀安,2024年12月25日　星期三　甲辰年冬月廿五,-4℃,晴-12 ~ -3℃,湿度：40%,风向：西风 5级,紫外线：弱,空气质量：优,PM: 3,07:44,17:00
怀来,2024年12月25日　星期三　甲辰年冬月廿五,-1℃,晴-9 ~ -1℃,湿度：33%,风向：西北风 4级,紫外线：弱,空气质量：良,PM: 33,07:39,16:56
海兴,2024年12月25日　星期三　甲辰年冬月廿五,2℃,中度雾霾-4 ~ 5℃,湿度：73%,风向：西南风 3级,紫外线：弱,空气质量：中度污染,PM: 134,07:24,16:55
黄骅,2024年12月25日　星期三　甲辰年冬月廿五,-1℃,中度雾霾-2 ~ 4℃,湿度：65%,风向：西南风 2级,紫外线：弱,空气质量：中度污染,PM: 148,07:25,16:55
河间,2024年12月25日　星期三　甲辰年冬月廿五,-3℃,中度雾霾-4 ~ 6℃,湿度：80%,风向：西南风 2级,紫外线：弱,空气质量：中度污染,PM: 130,07:30,17:00
衡水,2024年12月25日　星期三　甲辰年冬月廿五,-1℃,中度雾霾-4 ~ 7℃,湿度：64%,风向：西南风 2级,紫外线：很弱,空气质量：中度污染,PM: 131,07:30,17:04
邯郸,2024年12月25日　星期三　甲辰年冬月廿五,-3℃,中度雾霾-3 ~ 9℃,湿度：83%,风向：南风 2级,紫外线：很弱,空气质量：中度污染,PM: 139,07:32,17:11
邯山,2024年12月25日　星期三　甲辰年冬月廿五,2℃,雾-3 ~ 7℃,湿度：82%,风向：南风 2级,紫外线：很弱,空气质量：中度污染,PM: 127,07:32,17:12
浑源,2024年12月25日　星期三　甲辰年冬月廿五,-2℃,晴-12 ~ -2℃,湿度：77%,风向：西风 4级,紫外线：弱,空气质量：良,PM: 24,07:44,17:06
和顺,2024年12月25日　星期三　甲辰年冬月廿五,-6℃,多云-7 ~ 1℃,湿度：65%,风向：西风 4级,紫外线：很弱,空气质量：良,PM: 58,07:37,17:13
壶关,2024年12月25日　星期三　甲辰年冬月廿五,-2℃,雾-4 ~ 4℃,湿度：52%,风向：北风 1级,紫外线：很弱,空气质量：轻度污染,PM: 92,07:36,17:18
海门,2024年12月25日　星期三　甲辰年冬月廿五,7℃,雾3 ~ 12℃,湿度：91%,风向：东风 2级,紫外线：很弱,空气质量：良,PM: 63,06:53,16:57
淮安,2024年12月25日　星期三　甲辰年冬月廿五,5℃,轻度雾霾1 ~ 10℃,湿度：84%,风向：西风 1级,紫外线：弱,空气质量：轻度污染,PM: 84,07:06,17:01
湖州,2024年12月25日　星期三　甲辰年冬月廿五,7℃,雾7 ~ 13℃,湿度：85%,风向：西南风 1级,紫外线：很弱,空气质量：良,PM: 56,06:55,17:04
海宁,2024年12月25日　星期三　甲辰年冬月廿五,11℃,雾7 ~ 14℃,湿度：89%,风向：西风 2级,紫外线：很弱,空气质量：良,PM: 43,06:51,17:02
海盐,2024年12月25日　星期三　甲辰年冬月廿五,10℃,雾6 ~ 12℃,湿度：89%,风向：西南风 2级,紫外线：很弱,空气质量：良,PM: 50,06:50,17:01
海曙,2024年12月25日　星期三　甲辰年冬月廿五,9℃,雾4 ~ 14℃,湿度：93%,风向：南风 1级,紫外线：很弱,空气质量：良,PM: 39,06:46,17:00
洪家,2024年12月25日　星期三　甲辰年冬月廿五,14℃,阴转小雨10 ~ 15℃,湿度：70%,风向：北风 2级,紫外线：很弱,空气质量：优,PM: 31,06:44,17:04
黄岩,2024年12月25日　星期三　甲辰年冬月廿五,11℃,雾8 ~ 16℃,湿度：68%,风向：北风 1级,紫外线：很弱,空气质量：良,PM: 35,06:45,17:04
横店,2024年12月25日　星期三　甲辰年冬月廿五,9℃,阴6 ~ 15℃,湿度：78%,风向：西南风 0级,紫外线：很弱,空气质量：良,PM: 63,06:50,17:07
合肥,2024年12月25日　星期三　甲辰年冬月廿五,6℃,轻度雾霾3 ~ 11℃,湿度：73%,风向：西北风 2级,紫外线：弱,空气质量：轻度污染,PM: 83,07:08,17:13
怀远,2024年12月25日　星期三　甲辰年冬月廿五,7℃,轻度雾霾-0 ~ 9℃,湿度：57%,风向：北风 1级,紫外线：中等,空气质量：轻度污染,PM: 107,07:11,17:10
淮上,2024年12月25日　星期三　甲辰年冬月廿五,5℃,轻度雾霾1 ~ 10℃,湿度：76%,风向：西北风 1级,紫外线：弱,空气质量：轻度污染,PM: 112,07:11,17:10
淮南,2024年12月25日　星期三　甲辰年冬月廿五,9℃,中度雾霾3 ~ 10℃,湿度：53%,风向：北风 1级,紫外线：中等,空气质量：中度污染,PM: 129,07:11,17:12
花山,2024年12月25日　星期三　甲辰年冬月廿五,7℃,轻度雾霾4 ~ 12℃,湿度：78%,风向：北风 2级,紫外线：中等,空气质量：轻度污染,PM: 102,07:03,17:08
含山,2024年12月25日　星期三　甲辰年冬月廿五,7℃,轻度雾霾3 ~ 10℃,湿度：73%,风向：西北风 1级,紫外线：弱,空气质量：轻度污染,PM: 80,07:05,17:10
和县,2024年12月25日　星期三　甲辰年冬月廿五,8℃,轻度雾霾3 ~ 12℃,湿度：70%,风向：北风 2级,紫外线：中等,空气质量：轻度污染,PM: 80,07:04,17:09
怀宁,2024年12月25日　星期三　甲辰年冬月廿五,7℃,轻度雾霾4 ~ 12℃,湿度：75%,风向：东北风 1级,紫外线：很弱,空气质量：轻度污染,PM: 94,07:07,17:17
黄山,2024年12月25日　星期三　甲辰年冬月廿五,8℃,晴4 ~ 15℃,湿度：86%,风向：西风 1级,紫外线：中等,空气质量：良,PM: 44,06:59,17:14
黄山,2024年12月25日　星期三　甲辰年冬月廿五,7℃,晴4 ~ 15℃,湿度：91%,风向：西风 0级,紫外线：弱,空气质量：良,PM: 41,06:59,17:14
黄山风景,2024年12月25日　星期三　甲辰年冬月廿五,8℃,晴3 ~ 12℃,湿度：76%,风向：西风 1级,紫外线：中等,空气质量：良,PM: 55,07:01,17:13
徽州,2024年12月25日　星期三　甲辰年冬月廿五,8℃,晴5 ~ 15℃,湿度：93%,风向：西南风 1级,紫外线：中等,空气质量：良,PM: 44,06:59,17:13
淮北,2024年12月25日　星期三　甲辰年冬月廿五,3℃,轻度雾霾-2 ~ 8℃,湿度：94%,风向：西北风 1级,紫外线：弱,空气质量：轻度污染,PM: 111,07:15,17:09
海口,2024年12月25日　星期三　甲辰年冬月廿五,18℃,阴17 ~ 19℃,湿度：77%,风向：东北风 4级,紫外线：很弱,空气质量：良,PM: 35,07:11,18:07
蛟河,2024年12月25日　星期三　甲辰年冬月廿五,-3℃,阴-16 ~ -2℃,湿度：85%,风向：西南风 2级,紫外线：很弱,空气质量：良,PM: 46,07:02,15:58
集安,2024年12月25日　星期三　甲辰年冬月廿五,-7℃,雾-11 ~ -0℃,湿度：78%,风向：南风 1级,紫外线：很弱,空气质量：良,PM: 56,06:58,16:11
靖宇,2024年12月25日　星期三　甲辰年冬月廿五,-2℃,多云-19 ~ -1℃,湿度：69%,风向：西南风 3级,紫外线：很弱,空气质量：良,PM: 40,07:00,16:05
江源,2024年12月25日　星期三　甲辰年冬月廿五,-15℃,阴-20 ~ -4℃,湿度：92%,风向：南风 2级,紫外线：很弱,空气质量：良,PM: 34,07:00,16:07
金州,2024年12月25日　星期三　甲辰年冬月廿五,4℃,轻度雾霾-0 ~ 6℃,湿度：67%,风向：西风 4级,紫外线：弱,空气质量：轻度污染,PM: 80,07:10,16:35
锦州,2024年12月25日　星期三　甲辰年冬月廿五,-2℃,中度雾霾-6 ~ 4℃,湿度：68%,风向：西风 2级,紫外线：很弱,空气质量：中度污染,PM: 117,07:18,16:32
建平,2024年12月25日　星期三　甲辰年冬月廿五,-2℃,晴-10 ~ -0℃,湿度：51%,风向：西风 3级,紫外线：弱,空气质量：良,PM: 73,07:25,16:37
建昌,2024年12月25日　星期三　甲辰年冬月廿五,-10℃,晴-10 ~ -0℃,湿度：78%,风向：西风 2级,紫外线：很弱,空气质量：良,PM: 59,07:23,16:38
九原,2024年12月25日　星期三　甲辰年冬月廿五,-7℃,晴-11 ~ -6℃,湿度：72%,风向：北风 4级,紫外线：弱,空气质量：良,PM: 10,08:02,17:18
靖江,2024年12月25日　星期三　甲辰年冬月廿五,8℃,轻度雾霾5 ~ 11℃,湿度：80%,风向：东南风 1级,紫外线：很弱,空气质量：轻度污染,PM: 85,06:57,17:00
嘉兴,2024年12月25日　星期三　甲辰年冬月廿五,10℃,雾6 ~ 13℃,湿度：82%,风向：西南风 2级,紫外线：很弱,空气质量：良,PM: 52,06:52,17:01
嘉善,2024年12月25日　星期三　甲辰年冬月廿五,8℃,雾7 ~ 15℃,湿度：89%,风向：东南风 2级,紫外线：很弱,空气质量：良,PM: 52,06:51,17:01
金华,2024年12月25日　星期三　甲辰年冬月廿五,9℃,晴6 ~ 16℃,湿度：75%,风向：东南风 1级,紫外线：很弱,空气质量：良,PM: 54,06:52,17:10
江山,2024年12月25日　星期三　甲辰年冬月廿五,8℃,晴5 ~ 15℃,湿度：89%,风向：北风 1级,紫外线：中等,空气质量：良,PM: 69,06:56,17:15
九江,2024年12月25日　星期三　甲辰年冬月廿五,6℃,轻度雾霾6 ~ 12℃,湿度：69%,风向：西风 2级,紫外线：很弱,空气质量：轻度污染,PM: 81,07:08,17:23
九江,2024年12月25日　星期三　甲辰年冬月廿五,4℃,轻度雾霾4 ~ 11℃,湿度：64%,风向：西风 2级,紫外线：无,空气质量：轻度污染,PM: 86,07:08,17:23
吉州,2024年12月25日　星期三　甲辰年冬月廿五,9℃,晴7 ~ 15℃,湿度：80%,风向：北风 1级,紫外线：弱,空气质量：良,PM: 68,07:07,17:33
克拉玛依,2024年12月25日　星期三　甲辰年冬月廿五,-17℃,晴-17 ~ -13℃,湿度：84%,风向：东北风 2级,紫外线：很弱,空气质量：良,PM: 51,09:59,18:41
奎屯,2024年12月25日　星期三　甲辰年冬月廿五,-14℃,轻度雾霾-14 ~ -11℃,湿度：95%,风向：西南风 1级,紫外线：无,空气质量：轻度污染,PM: 102,09:55,18:46
开封,2024年12月25日　星期三　甲辰年冬月廿五,6℃,中度雾霾-1 ~ 9℃,湿度：61%,风向：西风 1级,紫外线：中等,空气质量：中度污染,PM: 128,07:28,17:17
龙凤,2024年12月25日　星期三　甲辰年冬月廿五,-14℃,晴-20 ~ -8℃,湿度：75%,风向：西风 3级,紫外线：很弱,空气质量：良,PM: 70,07:22,15:56
辽阳,2024年12月25日　星期三　甲辰年冬月廿五,-3℃,晴-5 ~ 4℃,湿度：82%,风向：南风 2级,紫外线：很弱,空气质量：良,PM: 73,07:11,16:23
龙口,2024年12月25日　星期三　甲辰年冬月廿五,1℃,多云-0 ~ 5℃,湿度：63%,风向：西南风 2级,紫外线：很弱,空气质量：良,PM: 44,07:11,16:45
临海,2024年12月25日　星期三　甲辰年冬月廿五,8℃,雾5 ~ 16℃,湿度：87%,风向：西北风 1级,紫外线：很弱,空气质量：良,PM: 39,06:46,17:04
庐江,2024年12月25日　星期三　甲辰年冬月廿五,6℃,轻度雾霾3 ~ 12℃,湿度：81%,风向：西北风 2级,紫外线：很弱,空气质量：轻度污染,PM: 77,07:07,17:14
澧县,2024年12月25日　星期三　甲辰年冬月廿五,6℃,雾5 ~ 9℃,湿度：77%,风向：北风 2级,紫外线：很弱,空气质量：轻度污染,PM: 98,07:25,17:40
乐山,2024年12月25日　星期三　甲辰年冬月廿五,8℃,阴转小雨7 ~ 10℃,湿度：100%,风向：西风 1级,紫外线：无,空气质量：优,PM: 30,07:57,18:12
柳江,2024年12月25日　星期三　甲辰年冬月廿五,12℃,晴9 ~ 18℃,湿度：52%,风向：北风 2级,紫外线：弱,空气质量：良,PM: 73,07:23,18:02
闵行,2024年12月25日　星期三　甲辰年冬月廿五,9℃,雾5 ~ 15℃,湿度：80%,风向：东南风 1级,紫外线：很弱,空气质量：优,PM: 33,06:50,16:58
麻城,2024年12月25日　星期三　甲辰年冬月廿五,2℃,轻度雾霾2 ~ 12℃,湿度：74%,风向：东风 1级,紫外线：很弱,空气质量：轻度污染,PM: 85,07:16,17:23
茂名,2024年12月25日　星期三　甲辰年冬月廿五,21℃,阴15 ~ 22℃,湿度：62%,风向：东风 1级,紫外线：很弱,空气质量：良,PM: 48,07:11,18:00
南京,2024年12月25日　星期三　甲辰年冬月廿五,6℃,晴4 ~ 12℃,湿度：72%,风向：北风 1级,紫外线：无,空气质量：良,PM: 63,07:03,17:06
南通,2024年12月25日　星期三　甲辰年冬月廿五,7℃,雾6 ~ 11℃,湿度：87%,风向：东风 2级,紫外线：很弱,空气质量：良,PM: 47,06:54,16:58
宁波,2024年12月25日　星期三　甲辰年冬月廿五,10℃,雾4 ~ 14℃,湿度：93%,风向：南风 1级,紫外线：很弱,空气质量：良,PM: 39,06:47,17:00
南谯,2024年12月25日　星期三　甲辰年冬月廿五,7℃,轻度雾霾1 ~ 11℃,湿度：66%,风向：北风 1级,紫外线：中等,空气质量：轻度污染,PM: 77,07:05,17:08
宁国,2024年12月25日　星期三　甲辰年冬月廿五,8℃,轻度雾霾4 ~ 13℃,湿度：80%,风向：西风 1级,紫外线：弱,空气质量：轻度污染,PM: 101,06:59,17:09
宁德,2024年12月25日　星期三　甲辰年冬月廿五,16℃,多云11 ~ 18℃,湿度：63%,风向：西北风 1级,紫外线：很弱,空气质量：优,PM: 21,06:47,17:16
南安,2024年12月25日　星期三　甲辰年冬月廿五,19℃,多云13 ~ 23℃,湿度：67%,风向：北风 2级,紫外线：很弱,空气质量：优,PM: 14,06:48,17:24
南靖,2024年12月25日　星期三　甲辰年冬月廿五,17℃,多云13 ~ 21℃,湿度：75%,风向：西北风 1级,紫外线：弱,空气质量：优,PM: 28,06:52,17:29
宁化,2024年12月25日　星期三　甲辰年冬月廿五,10℃,晴4 ~ 17℃,湿度：81%,风向：北风 1级,紫外线：中等,空气质量：优,PM: 30,06:58,17:28
南平,2024年12月25日　星期三　甲辰年冬月廿五,12℃,多云10 ~ 17℃,湿度：85%,风向：南风 0级,紫外线：很弱,空气质量：良,PM: 41,06:53,17:21
南昌,2024年12月25日　星期三　甲辰年冬月廿五,10℃,晴6 ~ 13℃,湿度：54%,风向：北风 2级,紫外线：中等,空气质量：良,PM: 64,07:07,17:26
南昌,2024年12月25日　星期三　甲辰年冬月廿五,10℃,晴6 ~ 13℃,湿度：54%,风向：北风 2级,紫外线：中等,空气质量：良,PM: 64,07:07,17:26
南城,2024年12月25日　星期三　甲辰年冬月廿五,8℃,晴4 ~ 15℃,湿度：74%,风向：北风 1级,紫外线：弱,空气质量：良,PM: 57,07:01,17:25
南丰,2024年12月25日　星期三　甲辰年冬月廿五,7℃,晴3 ~ 16℃,湿度：82%,风向：东北风 1级,紫外线：中等,空气质量：良,PM: 58,07:01,17:26
南康,2024年12月25日　星期三　甲辰年冬月廿五,9℃,晴6 ~ 16℃,湿度：68%,风向：北风 2级,紫外线：中等,空气质量：良,PM: 48,07:04,17:36
宁都,2024年12月25日　星期三　甲辰年冬月廿五,11℃,晴4 ~ 15℃,湿度：60%,风向：北风 2级,紫外线：强,空气质量：良,PM: 60,07:01,17:30
宁乡,2024年12月25日　星期三　甲辰年冬月廿五,5℃,轻度雾霾2 ~ 12℃,湿度：88%,风向：北风 2级,紫外线：弱,空气质量：轻度污染,PM: 109,07:19,17:40
南岳,2024年12月25日　星期三　甲辰年冬月廿五,12℃,轻度雾霾3 ~ 15℃,湿度：61%,风向：北风 2级,紫外线：弱,空气质量：轻度污染,PM: 82,07:16,17:42
南县,2024年12月25日　星期三　甲辰年冬月廿五,8℃,轻度雾霾5 ~ 14℃,湿度：65%,风向：北风 2级,紫外线：中等,空气质量：轻度污染,PM: 87,07:15,17:43
宁远,2024年12月25日　星期三　甲辰年冬月廿五,8℃,轻度雾霾4 ~ 16℃,湿度：67%,风向：东北风 2级,紫外线：中等,空气质量：轻度污染,PM: 103,07:15,17:48
南明,2024年12月25日　星期三　甲辰年冬月廿五,2℃,阴2 ~ 9℃,湿度：98%,风向：东北风 2级,紫外线：很弱,空气质量：良,PM: 44,07:39,18:07
纳雍,2024年12月25日　星期三　甲辰年冬月廿五,3℃,雾1 ~ 5℃,湿度：97%,风向：东北风 2级,紫外线：很弱,空气质量：优,PM: 12,07:44,18:12
南充,2024年12月25日　星期三　甲辰年冬月廿五,7℃,雾5 ~ 11℃,湿度：92%,风向：北风 1级,紫外线：很弱,空气质量：轻度污染,PM: 80,07:51,18:00
南部,2024年12月25日　星期三　甲辰年冬月廿五,8℃,雾4 ~ 11℃,湿度：98%,风向：北风 2级,紫外线：很弱,空气质量：良,PM: 73,07:52,17:59
南江,2024年12月25日　星期三　甲辰年冬月廿五,6℃,轻度雾霾1 ~ 11℃,湿度：93%,风向：北风 1级,紫外线：中等,空气质量：轻度污染,PM: 103,07:51,17:53
南宁,2024年12月25日　星期三　甲辰年冬月廿五,15℃,晴12 ~ 22℃,湿度：56%,风向：东北风 1级,紫外线：中等,空气质量：良,PM: 74,07:24,18:08
攀枝花,2024年12月25日　星期三　甲辰年冬月廿五,8℃,轻度雾霾6 ~ 20℃,湿度：89%,风向：西北风 1级,紫外线：无,空气质量：轻度污染,PM: 79,07:58,18:27
普格,2024年12月25日　星期三　甲辰年冬月廿五,8℃,晴2 ~ 16℃,湿度：76%,风向：西南风 2级,紫外线：中等,空气质量：优,PM: 9,07:57,18:22
番禺,2024年12月25日　星期三　甲辰年冬月廿五,16℃,阴16 ~ 21℃,湿度：50%,风向：北风 3级,紫外线：很弱,空气质量：良,PM: 37,07:04,17:48
平远,2024年12月25日　星期三　甲辰年冬月廿五,14℃,小雨10 ~ 19℃,湿度：64%,风向：北风 2级,紫外线：中等,空气质量：良,PM: 50,06:57,17:35
坪山,2024年12月25日　星期三　甲辰年冬月廿五,15℃,阴15 ~ 19℃,湿度：69%,风向：东北风 2级,紫外线：很弱,空气质量：良,PM: 40,07:02,17:46
坡头,2024年12月25日　星期三　甲辰年冬月廿五,20℃,阴16 ~ 21℃,湿度：63%,风向：东风 2级,紫外线：很弱,空气质量：良,PM: 49,07:12,18:03
蓬江,2024年12月25日　星期三　甲辰年冬月廿五,18℃,多云16 ~ 20℃,湿度：54%,风向：北风 3级,紫外线：很弱,空气质量：良,PM: 28,07:05,17:50
普宁,2024年12月25日　星期三　甲辰年冬月廿五,17℃,小雨15 ~ 21℃,湿度：69%,风向：北风 2级,紫外线：很弱,空气质量：良,PM: 51,06:54,17:36
盘龙,2024年12月25日　星期三　甲辰年冬月廿五,10℃,晴6 ~ 18℃,湿度：81%,风向：西南风 2级,紫外线：中等,空气质量：优,PM: 19,07:51,18:26
屏边,2024年12月25日　星期三　甲辰年冬月廿五,11℃,晴7 ~ 17℃,湿度：60%,风向：南风 1级,紫外线：中等,空气质量：良,PM: 54,07:43,18:27
普洱,2024年12月25日　星期三　甲辰年冬月廿五,13℃,晴11 ~ 21℃,湿度：90%,风向：东风 1级,紫外线：很弱,空气质量：优,PM: 14,07:54,18:38
凭祥,2024年12月25日　星期三　甲辰年冬月廿五,16℃,轻度雾霾10 ~ 20℃,湿度：51%,风向：东北风 1级,紫外线：中等,空气质量：轻度污染,PM: 79,07:29,18:16
平乐,2024年12月25日　星期三　甲辰年冬月廿五,12℃,轻度雾霾5 ~ 19℃,湿度：53%,风向：北风 2级,紫外线：强,空气质量：轻度污染,PM: 78,07:19,17:56
平桂,2024年12月25日　星期三　甲辰年冬月廿五,10℃,轻度雾霾6 ~ 16℃,湿度：55%,风向：东北风 2级,紫外线：中等,空气质量：轻度污染,PM: 94,07:16,17:55
平桂,2024年12月25日　星期三　甲辰年冬月廿五,10℃,轻度雾霾6 ~ 16℃,湿度：55%,风向：东北风 2级,紫外线：中等,空气质量：轻度污染,PM: 94,07:16,17:55
平南,2024年12月25日　星期三　甲辰年冬月廿五,17℃,晴11 ~ 21℃,湿度：50%,风向：东北风 2级,紫外线：中等,空气质量：良,PM: 64,07:17,17:59
平果,2024年12月25日　星期三　甲辰年冬月廿五,15℃,晴10 ~ 20℃,湿度：54%,风向：东北风 1级,紫外线：中等,空气质量：良,PM: 66,07:28,18:10
浦北,2024年12月25日　星期三　甲辰年冬月廿五,17℃,多云15 ~ 21℃,湿度：50%,风向：北风 2级,紫外线：弱,空气质量：良,PM: 65,07:18,18:05
浦北,2024年12月25日　星期三　甲辰年冬月廿五,17℃,多云15 ~ 21℃,湿度：50%,风向：北风 2级,紫外线：弱,空气质量：良,PM: 65,07:18,18:05
屏东,2024年12月25日　星期三　甲辰年冬月廿五,21℃,多云19 ~ 25℃,湿度：65%,风向：西北风 2级,紫外线：弱,空气质量：优,PM: 0,06:35,17:20
澎湖,2024年12月25日　星期三　甲辰年冬月廿五,19℃,阴18 ~ 20℃,湿度：87%,风向：东北风 6级,紫外线：很弱,空气质量：优,PM: 0,06:41,17:22
清原,2024年12月25日　星期三　甲辰年冬月廿五,-6℃,阴-10 ~ -0℃,湿度：81%,风向：南风 2级,紫外线：很弱,空气质量：良,PM: 39,07:06,16:13
衢州,2024年12月25日　星期三　甲辰年冬月廿五,8℃,晴6 ~ 16℃,湿度：90%,风向：东北风 1级,紫外线：很弱,空气质量：良,PM: 64,06:55,17:13
青山湖,2024年12月25日　星期三　甲辰年冬月廿五,6℃,轻度雾霾6 ~ 14℃,湿度：56%,风向：北风 2级,紫外线：弱,空气质量：轻度污染,PM: 92,07:06,17:25
祁东,2024年12月25日　星期三　甲辰年冬月廿五,6℃,晴5 ~ 14℃,湿度：76%,风向：北风 1级,紫外线：弱,空气质量：良,PM: 75,07:17,17:45
祁阳,2024年12月25日　星期三　甲辰年冬月廿五,8℃,轻度雾霾5 ~ 15℃,湿度：67%,风向：东北风 2级,紫外线：中等,空气质量：轻度污染,PM: 87,07:18,17:47
清镇,2024年12月25日　星期三　甲辰年冬月廿五,3℃,雾2 ~ 8℃,湿度：97%,风向：东北风 2级,紫外线：很弱,空气质量：优,PM: 31,07:39,18:08
黔南,2024年12月25日　星期三　甲辰年冬月廿五,5℃,晴3 ~ 12℃,湿度：76%,风向：东北风 1级,紫外线：弱,空气质量：良,PM: 48,07:35,18:05
黔东南,2024年12月25日　星期三　甲辰年冬月廿五,5℃,晴3 ~ 10℃,湿度：63%,风向：东北风 2级,紫外线：中等,空气质量：良,PM: 56,07:33,18:02
黔西,2024年12月25日　星期三　甲辰年冬月廿五,2℃,雾1 ~ 6℃,湿度：99%,风向：东北风 2级,紫外线：很弱,空气质量：优,PM: 34,07:42,18:09
七星关,2024年12月25日　星期三　甲辰年冬月廿五,2℃,雾1 ~ 4℃,湿度：90%,风向：东北风 2级,紫外线：很弱,空气质量：优,PM: 3,07:46,18:11
晴隆,2024年12月25日　星期三　甲辰年冬月廿五,5℃,多云5 ~ 12℃,湿度：100%,风向：东风 2级,紫外线：弱,空气质量：优,PM: 18,07:43,18:15
黔西南,2024年12月25日　星期三　甲辰年冬月廿五,8℃,多云6 ~ 14℃,湿度：94%,风向：东南风 2级,紫外线：很弱,空气质量：良,PM: 67,07:43,18:18
邛崃,2024年12月25日　星期三　甲辰年冬月廿五,6℃,多云5 ~ 9℃,湿度：97%,风向：西北风 0级,紫外线：很弱,空气质量：良,PM: 63,08:00,18:11
青羊,2024年12月25日　星期三　甲辰年冬月廿五,6℃,晴6 ~ 10℃,湿度：100%,风向：北风 1级,紫外线：很弱,空气质量：良,PM: 44,07:58,18:08
青白江,2024年12月25日　星期三　甲辰年冬月廿五,5℃,晴5 ~ 10℃,湿度：100%,风向：北风 1级,紫外线：很弱,空气质量：良,PM: 49,07:58,18:07
渠县,2024年12月25日　星期三　甲辰年冬月廿五,9℃,轻度雾霾7 ~ 12℃,湿度：92%,风向：西南风 1级,紫外线：很弱,空气质量：轻度污染,PM: 95,07:47,17:56
前锋,2024年12月25日　星期三　甲辰年冬月廿五,8℃,轻度雾霾7 ~ 10℃,湿度：90%,风向：东风 1级,紫外线：很弱,空气质量：轻度污染,PM: 97,07:47,17:58
犍为,2024年12月25日　星期三　甲辰年冬月廿五,8℃,雾转小雨7 ~ 9℃,湿度：100%,风向：西风 1级,紫外线：很弱,空气质量：良,PM: 36,07:55,18:12
青神,2024年12月25日　星期三　甲辰年冬月廿五,7℃,雾7 ~ 10℃,湿度：98%,风向：西北风 1级,紫外线：很弱,空气质量：良,PM: 51,07:57,18:11
青川,2024年12月25日　星期三　甲辰年冬月廿五,-0℃,多云-0 ~ 8℃,湿度：95%,风向：北风 1级,紫外线：很弱,空气质量：良,PM: 41,07:58,17:59
曲江,2024年12月25日　星期三　甲辰年冬月廿五,12℃,晴7 ~ 17℃,湿度：69%,风向：北风 2级,紫外线：中等,空气质量：良,PM: 59,07:07,17:44
清远,2024年12月25日　星期三　甲辰年冬月廿五,16℃,阴13 ~ 18℃,湿度：47%,风向：北风 2级,紫外线：很弱,空气质量：优,PM: 34,07:07,17:48
清新,2024年12月25日　星期三　甲辰年冬月廿五,16℃,多云12 ~ 18℃,湿度：47%,风向：北风 2级,紫外线：很弱,空气质量：良,PM: 40,07:07,17:48
清城,2024年12月25日　星期三　甲辰年冬月廿五,14℃,雾13 ~ 18℃,湿度：48%,风向：北风 2级,紫外线：很弱,空气质量：良,PM: 36,07:07,17:48
琼海,2024年12月25日　星期三　甲辰年冬月廿五,18℃,阴转小雨18 ~ 21℃,湿度：89%,风向：北风 3级,紫外线：很弱,空气质量：良,PM: 40,07:09,18:07
上海,2024年12月25日　星期三　甲辰年冬月廿五,9℃,雾8 ~ 14℃,湿度：95%,风向：东南风 1级,紫外线：很弱,空气质量：优,PM: 26,06:50,16:57
沈阳,2024年12月25日　星期三　甲辰年冬月廿五,-4℃,晴-6 ~ 3℃,湿度：80%,风向：南风 3级,紫外线：很弱,空气质量：良,PM: 45,07:11,16:20
双滦,2024年12月25日　星期三　甲辰年冬月廿五,-11℃,轻度雾霾-11 ~ -1℃,湿度：77%,风向：西风 2级,紫外线：很弱,空气质量：轻度污染,PM: 80,07:31,16:46
三河,2024年12月25日　星期三　甲辰年冬月廿五,1℃,轻度雾霾-7 ~ 4℃,湿度：55%,风向：西北风 3级,紫外线：中等,空气质量：轻度污染,PM: 76,07:31,16:51
肃宁,2024年12月25日　星期三　甲辰年冬月廿五,-0℃,轻度雾霾-4 ~ 6℃,湿度：71%,风向：西南风 3级,紫外线：弱,空气质量：轻度污染,PM: 94,07:32,17:01
深州,2024年12月25日　星期三　甲辰年冬月廿五,-2℃,中度雾霾-4 ~ 6℃,湿度：76%,风向：西南风 2级,紫外线：很弱,空气质量：中度污染,PM: 125,07:31,17:03
沙河,2024年12月25日　星期三　甲辰年冬月廿五,2℃,雾-3 ~ 7℃,湿度：92%,风向：南风 2级,紫外线：很弱,空气质量：重度污染,PM: 158,07:32,17:11
涉县,2024年12月25日　星期三　甲辰年冬月廿五,-2℃,雾-3 ~ 9℃,湿度：56%,风向：西风 2级,紫外线：很弱,空气质量：轻度污染,PM: 105,07:35,17:15
山海关,2024年12月25日　星期三　甲辰年冬月廿五,3℃,轻度雾霾-5 ~ 6℃,湿度：78%,风向：西风 3级,紫外线：中等,空气质量：轻度污染,PM: 106,07:20,16:41
寿阳,2024年12月25日　星期三　甲辰年冬月廿五,-1℃,阴-9 ~ 4℃,湿度：74%,风向：西风 4级,紫外线：很弱,空气质量：良,PM: 72,07:41,17:13
朔州,2024年12月25日　星期三　甲辰年冬月廿五,-1℃,晴-9 ~ -1℃,湿度：35%,风向：西风 4级,紫外线：弱,空气质量：良,PM: 27,07:48,17:12
山阴,2024年12月25日　星期三　甲辰年冬月廿五,-1℃,晴-10 ~ -1℃,湿度：28%,风向：西风 5级,紫外线：中等,空气质量：良,PM: 24,07:47,17:10
朔城,2024年12月25日　星期三　甲辰年冬月廿五,-1℃,晴-10 ~ -1℃,湿度：35%,风向：西风 4级,紫外线：弱,空气质量：良,PM: 27,07:48,17:12
神池,2024年12月25日　星期三　甲辰年冬月廿五,-4℃,晴-13 ~ -4℃,湿度：40%,风向：西风 4级,紫外线：弱,空气质量：良,PM: 12,07:48,17:14
石楼,2024年12月25日　星期三　甲辰年冬月廿五,-7℃,多云-7 ~ 1℃,湿度：85%,风向：北风 2级,紫外线：很弱,空气质量：良,PM: 47,07:47,17:25
三原,2024年12月25日　星期三　甲辰年冬月廿五,4℃,轻度雾霾-2 ~ 7℃,湿度：65%,风向：西南风 1级,紫外线：中等,空气质量：轻度污染,PM: 91,07:49,17:39
神木,2024年12月25日　星期三　甲辰年冬月廿五,-8℃,晴-9 ~ -1℃,湿度：67%,风向：西风 2级,紫外线：弱,空气质量：良,PM: 31,07:54,17:21
绥德,2024年12月25日　星期三　甲辰年冬月廿五,-9℃,雾-9 ~ 2℃,湿度：81%,风向：西北风 2级,紫外线：很弱,空气质量：良,PM: 47,07:51,17:26
商洛,2024年12月25日　星期三　甲辰年冬月廿五,1℃,晴-4 ~ 7℃,湿度：72%,风向：西北风 1级,紫外线：中等,空气质量：良,PM: 48,07:43,17:37
商州,2024年12月25日　星期三　甲辰年冬月廿五,-1℃,晴-3 ~ 6℃,湿度：72%,风向：西北风 2级,紫外线：弱,空气质量：良,PM: 46,07:43,17:37
商南,2024年12月25日　星期三　甲辰年冬月廿五,1℃,晴-1 ~ 9℃,湿度：81%,风向：西北风 2级,紫外线：弱,空气质量：良,PM: 44,07:38,17:34
山阳,2024年12月25日　星期三　甲辰年冬月廿五,-3℃,晴-3 ~ 7℃,湿度：90%,风向：北风 2级,紫外线：弱,空气质量：良,PM: 44,07:42,17:38
单县,2024年12月25日　星期三　甲辰年冬月廿五,5℃,中度雾霾-1 ~ 8℃,湿度：75%,风向：西南风 1级,紫外线：弱,空气质量：中度污染,PM: 117,07:20,17:10
睢县,2024年12月25日　星期三　甲辰年冬月廿五,1℃,中度雾霾-2 ~ 8℃,湿度：77%,风向：西南风 2级,紫外线：弱,空气质量：中度污染,PM: 123,07:24,17:15
苏州,2024年12月25日　星期三　甲辰年冬月廿五,9℃,雾6 ~ 11℃,湿度：82%,风向：东风 1级,紫外线：很弱,空气质量：良,PM: 52,06:54,17:01
绍兴,2024年12月25日　星期三　甲辰年冬月廿五,10℃,阴7 ~ 14℃,湿度：83%,风向：西南风 1级,紫外线：很弱,空气质量：良,PM: 45,06:51,17:04
嵊州,2024年12月25日　星期三　甲辰年冬月廿五,8℃,阴6 ~ 17℃,湿度：85%,风向：南风 1级,紫外线：很弱,空气质量：良,PM: 34,06:49,17:04
三门,2024年12月25日　星期三　甲辰年冬月廿五,11℃,中雨6 ~ 14℃,湿度：81%,风向：东北风 0级,紫外线：很弱,空气质量：良,PM: 33,06:45,17:03
蜀山,2024年12月25日　星期三　甲辰年冬月廿五,5℃,轻度雾霾3 ~ 11℃,湿度：74%,风向：西北风 2级,紫外线：很弱,空气质量：轻度污染,PM: 82,07:08,17:13
三明,2024年12月25日　星期三　甲辰年冬月廿五,11℃,晴9 ~ 17℃,湿度：84%,风向：东北风 1级,紫外线：弱,空气质量：良,PM: 38,06:54,17:24
三元,2024年12月25日　星期三　甲辰年冬月廿五,16℃,晴7 ~ 18℃,湿度：76%,风向：东北风 1级,紫外线：强,空气质量：良,PM: 44,06:54,17:24
顺昌,2024年12月25日　星期三　甲辰年冬月廿五,11℃,晴8 ~ 18℃,湿度：84%,风向：东北风 1级,紫外线：中等,空气质量：优,PM: 25,06:55,17:22
邵武,2024年12月25日　星期三　甲辰年冬月廿五,9℃,晴5 ~ 17℃,湿度：82%,风向：北风 0级,紫外线：中等,空气质量：优,PM: 29,06:57,17:22
松溪,2024年12月25日　星期三　甲辰年冬月廿五,13℃,晴7 ~ 19℃,湿度：73%,风向：西风 1级,紫外线：中等,空气质量：良,PM: 38,06:52,17:17
上饶,2024年12月25日　星期三　甲辰年冬月廿五,10℃,晴6 ~ 15℃,湿度：78%,风向：东北风 1级,紫外线：中等,空气质量：良,PM: 54,06:58,17:18
上饶,2024年12月25日　星期三　甲辰年冬月廿五,10℃,晴6 ~ 15℃,湿度：78%,风向：东北风 1级,紫外线：中等,空气质量：良,PM: 54,06:58,17:18
上高,2024年12月25日　星期三　甲辰年冬月廿五,6℃,轻度雾霾6 ~ 14℃,湿度：87%,风向：北风 1级,紫外线：弱,空气质量：轻度污染,PM: 88,07:09,17:30
遂川,2024年12月25日　星期三　甲辰年冬月廿五,10℃,晴4 ~ 14℃,湿度：66%,风向：北风 1级,紫外线：中等,空气质量：良,PM: 60,07:07,17:36
上犹,2024年12月25日　星期三　甲辰年冬月廿五,9℃,晴5 ~ 15℃,湿度：73%,风向：北风 1级,紫外线：中等,空气质量：良,PM: 58,07:05,17:37
汕头,2024年12月25日　星期三　甲辰年冬月廿五,17℃,阴17 ~ 21℃,湿度：65%,风向：东北风 3级,紫外线：很弱,空气质量：优,PM: 28,06:52,17:34
三亚,2024年12月25日　星期三　甲辰年冬月廿五,24℃,阴转小雨19 ~ 24℃,湿度：68%,风向：北风 2级,紫外线：很弱,空气质量：优,PM: 22,07:10,18:13
通辽,2024年12月25日　星期三　甲辰年冬月廿五,-2℃,晴-10 ~ -2℃,湿度：40%,风向：西风 4级,紫外线：弱,空气质量：良,PM: 29,07:22,16:19
桐柏,2024年12月25日　星期三　甲辰年冬月廿五,4℃,晴2 ~ 10℃,湿度：60%,风向：西北风 1级,紫外线：弱,空气质量：良,PM: 69,07:25,17:27
台州,2024年12月25日　星期三　甲辰年冬月廿五,12℃,雾9 ~ 16℃,湿度：68%,风向：北风 2级,紫外线：很弱,空气质量：良,PM: 35,06:44,17:04
太湖,2024年12月25日　星期三　甲辰年冬月廿五,6℃,轻度雾霾4 ~ 13℃,湿度：75%,风向：北风 1级,紫外线：弱,空气质量：轻度污染,PM: 97,07:09,17:20
桐城,2024年12月25日　星期三　甲辰年冬月廿五,6℃,轻度雾霾4 ~ 12℃,湿度：76%,风向：北风 2级,紫外线：很弱,空气质量：轻度污染,PM: 94,07:08,17:16
铜官山,2024年12月25日　星期三　甲辰年冬月廿五,8℃,雾4 ~ 12℃,湿度：84%,风向：西北风 1级,紫外线：很弱,空气质量：轻度污染,PM: 95,07:04,17:13
渭南,2024年12月25日　星期三　甲辰年冬月廿五,-0℃,轻度雾霾-1 ~ 8℃,湿度：54%,风向：南风 1级,紫外线：无,空气质量：轻度污染,PM: 76,07:46,17:37
乌鲁木齐,2024年12月25日　星期三　甲辰年冬月廿五,-22℃,轻度雾霾-22 ~ -12℃,湿度：83%,风向：南风 1级,紫外线：无,空气质量：轻度污染,PM: 106,09:42,18:37
乌鲁木齐,2024年12月25日　星期三　甲辰年冬月廿五,-22℃,轻度雾霾-22 ~ -12℃,湿度：83%,风向：南风 1级,紫外线：无,空气质量：轻度污染,PM: 106,09:42,18:37
无锡,2024年12月25日　星期三　甲辰年冬月廿五,8℃,雾4 ~ 11℃,湿度：93%,风向：东风 2级,紫外线：很弱,空气质量：良,PM: 55,06:55,17:01
吴中,2024年12月25日　星期三　甲辰年冬月廿五,9℃,雾6 ~ 11℃,湿度：75%,风向：东风 1级,紫外线：很弱,空气质量：良,PM: 46,06:53,17:01
武汉,2024年12月25日　星期三　甲辰年冬月廿五,8℃,轻度雾霾4 ~ 11℃,湿度：84%,风向：北风 1级,紫外线：中等,空气质量：轻度污染,PM: 78,07:17,17:28
温岭,2024年12月25日　星期三　甲辰年冬月廿五,11℃,雾转小雨10 ~ 14℃,湿度：75%,风向：北风 2级,紫外线：很弱,空气质量：优,PM: 27,06:44,17:04
温州,2024年12月25日　星期三　甲辰年冬月廿五,11℃,雾11 ~ 16℃,湿度：68%,风向：北风 1级,紫外线：很弱,空气质量：优,PM: 32,06:46,17:08
芜湖,2024年12月25日　星期三　甲辰年冬月廿五,7℃,轻度雾霾5 ~ 12℃,湿度：83%,风向：西北风 2级,紫外线：弱,空气质量：轻度污染,PM: 87,07:02,17:09
五华,2024年12月25日　星期三　甲辰年冬月廿五,11℃,多云11 ~ 19℃,湿度：57%,风向：北风 2级,紫外线：很弱,空气质量：良,PM: 42,06:57,17:36
涠洲岛,2024年12月25日　星期三　甲辰年冬月廿五,18℃,轻度雾霾18 ~ 21℃,湿度：56%,风向：东风 3级,紫外线：很弱,空气质量：轻度污染,PM: 78,07:17,18:09
文昌,2024年12月25日　星期三　甲辰年冬月廿五,18℃,阴转小雨18 ~ 21℃,湿度：89%,风向：北风 4级,紫外线：很弱,空气质量：良,PM: 39,07:08,18:05
万宁,2024年12月25日　星期三　甲辰年冬月廿五,19℃,阴转小雨18 ~ 21℃,湿度：86%,风向：北风 4级,紫外线：很弱,空气质量：优,PM: 14,07:08,18:08
五指山,2024年12月25日　星期三　甲辰年冬月廿五,19℃,阴15 ~ 21℃,湿度：85%,风向：东北风 2级,紫外线：很弱,空气质量：优,PM: 3,07:11,18:12
秀山,2024年12月25日　星期三　甲辰年冬月廿五,6℃,雾5 ~ 9℃,湿度：66%,风向：东北风 1级,紫外线：很弱,空气质量：优,PM: 24,07:33,17:54
锡林郭勒,2024年12月25日　星期三　甲辰年冬月廿五,-15℃,阴-20 ~ -13℃,湿度：57%,风向：西风 5级,紫外线：很弱,空气质量：优,PM: 13,07:48,16:43
兴安盟,2024年12月25日　星期三　甲辰年冬月廿五,-9℃,晴-13 ~ -8℃,湿度：56%,风向：北风 3级,紫外线：弱,空气质量：优,PM: 14,07:32,16:11
新蔡,2024年12月25日　星期三　甲辰年冬月廿五,4℃,中度雾霾-0 ~ 10℃,湿度：70%,风向：南风 1级,紫外线：弱,空气质量：中度污染,PM: 118,07:20,17:20
新吴,2024年12月25日　星期三　甲辰年冬月廿五,8℃,雾5 ~ 12℃,湿度：92%,风向：东南风 1级,紫外线：很弱,空气质量：良,PM: 51,06:55,17:01
相城,2024年12月25日　星期三　甲辰年冬月廿五,8℃,雾5 ~ 12℃,湿度：83%,风向：东风 2级,紫外线：很弱,空气质量：良,PM: 51,06:54,17:00
响水,2024年12月25日　星期三　甲辰年冬月廿五,6℃,晴-0 ~ 9℃,湿度：88%,风向：西风 2级,紫外线：中等,空气质量：良,PM: 63,07:05,16:58
徐州,2024年12月25日　星期三　甲辰年冬月廿五,-2℃,轻度雾霾-2 ~ 9℃,湿度：79%,风向：东南风 1级,紫外线：很弱,空气质量：轻度污染,PM: 105,07:14,17:07
襄阳,2024年12月25日　星期三　甲辰年冬月廿五,6℃,轻度雾霾3 ~ 9℃,湿度：53%,风向：西南风 1级,紫外线：弱,空气质量：轻度污染,PM: 99,07:29,17:33
象山,2024年12月25日　星期三　甲辰年冬月廿五,9℃,小雨转雾9 ~ 14℃,湿度：92%,风向：西北风 1级,紫外线：很弱,空气质量：良,PM: 46,06:44,17:00
新昌,2024年12月25日　星期三　甲辰年冬月廿五,9℃,雾6 ~ 16℃,湿度：83%,风向：南风 0级,紫外线：很弱,空气质量：良,PM: 40,06:48,17:04
湘乡,2024年12月25日　星期三　甲辰年冬月廿五,3℃,晴3 ~ 14℃,湿度：85%,风向：北风 1级,紫外线：无,空气质量：良,PM: 47,07:18,17:41
兴义,2024年12月25日　星期三　甲辰年冬月廿五,7℃,轻度雾霾6 ~ 15℃,湿度：95%,风向：东南风 2级,紫外线：很弱,空气质量：轻度污染,PM: 88,07:43,18:18
延吉,2024年12月25日　星期三　甲辰年冬月廿五,-11℃,晴-12 ~ 1℃,湿度：81%,风向：西南风 1级,紫外线：很弱,空气质量：优,PM: 24,06:51,15:52
于洪,2024年12月25日　星期三　甲辰年冬月廿五,-4℃,轻度雾霾-7 ~ 3℃,湿度：87%,风向：南风 3级,紫外线：很弱,空气质量：轻度污染,PM: 91,07:12,16:21
永城,2024年12月25日　星期三　甲辰年冬月廿五,-3℃,轻度雾霾-3 ~ 9℃,湿度：83%,风向：西风 2级,紫外线：很弱,空气质量：轻度污染,PM: 114,07:17,17:11
扬州,2024年12月25日　星期三　甲辰年冬月廿五,4℃,轻度雾霾4 ~ 12℃,湿度：91%,风向：北风 1级,紫外线：很弱,空气质量：轻度污染,PM: 83,07:01,17:03
盐城,2024年12月25日　星期三　甲辰年冬月廿五,5℃,晴-0 ~ 12℃,湿度：79%,风向：南风 1级,紫外线：弱,空气质量：良,PM: 54,07:00,16:57
鄞州,2024年12月25日　星期三　甲辰年冬月廿五,8℃,雾4 ~ 16℃,湿度：96%,风向：西风 1级,紫外线：很弱,空气质量：良,PM: 49,06:46,17:00
义乌,2024年12月25日　星期三　甲辰年冬月廿五,8℃,多云7 ~ 16℃,湿度：82%,风向：西风 0级,紫外线：弱,空气质量：良,PM: 59,06:51,17:08
玉山,2024年12月25日　星期三　甲辰年冬月廿五,9℃,晴6 ~ 16℃,湿度：84%,风向：北风 1级,紫外线：弱,空气质量：良,PM: 75,06:57,17:16
宜宾,2024年12月25日　星期三　甲辰年冬月廿五,7℃,雾7 ~ 9℃,湿度：97%,风向：西北风 1级,紫外线：很弱,空气质量：良,PM: 55,07:52,18:11
雨城,2024年12月25日　星期三　甲辰年冬月廿五,7℃,阴转小雨4 ~ 9℃,湿度：100%,风向：西北风 1级,紫外线：很弱,空气质量：优,PM: 29,08:01,18:14
阳江,2024年12月25日　星期三　甲辰年冬月廿五,16℃,阴16 ~ 20℃,湿度：56%,风向：北风 2级,紫外线：很弱,空气质量：良,PM: 42,07:08,17:56
玉溪,2024年12月25日　星期三　甲辰年冬月廿五,7℃,晴6 ~ 19℃,湿度：90%,风向：西南风 1级,紫外线：无,空气质量：优,PM: 24,07:50,18:28
玉龙,2024年12月25日　星期三　甲辰年冬月廿五,5℃,晴-2 ~ 15℃,湿度：65%,风向：西风 2级,紫外线：中等,空气质量：优,PM: 34,08:05,18:32
肇源,2024年12月25日　星期三　甲辰年冬月廿五,-11℃,晴-17 ~ -7℃,湿度：69%,风向：西南风 3级,紫外线：很弱,空气质量：良,PM: 34,07:18,16:01
庄河,2024年12月25日　星期三　甲辰年冬月廿五,-6℃,晴-6 ~ 5℃,湿度：78%,风向：西风 2级,紫外线：弱,空气质量：良,PM: 69,07:07,16:29
淄博,2024年12月25日　星期三　甲辰年冬月廿五,-2℃,中度雾霾-2 ~ 9℃,湿度：77%,风向：西南风 2级,紫外线：很弱,空气质量：中度污染,PM: 117,07:18,16:57
枣庄,2024年12月25日　星期三　甲辰年冬月廿五,5℃,中度雾霾-1 ~ 8℃,湿度：47%,风向：西北风 1级,紫外线：中等,空气质量：中度污染,PM: 117,07:16,17:05
郑州,2024年12月25日　星期三　甲辰年冬月廿五,2℃,中度雾霾-2 ~ 11℃,湿度：73%,风向：西北风 1级,紫外线：弱,空气质量：中度污染,PM: 123,07:30,17:20
周口,2024年12月25日　星期三　甲辰年冬月廿五,5℃,中度雾霾-0 ~ 10℃,湿度：61%,风向：西北风 1级,紫外线：弱,空气质量：中度污染,PM: 116,07:23,17:19
张家港,2024年12月25日　星期三　甲辰年冬月廿五,8℃,雾5 ~ 11℃,湿度：81%,风向：东南风 1级,紫外线：很弱,空气质量：良,PM: 68,06:56,17:00
资溪,2024年12月25日　星期三　甲辰年冬月廿五,6℃,晴3 ~ 15℃,湿度：87%,风向：北风 1级,紫外线：中等,空气质量：良,PM: 66,07:00,17:23
珠海,2024年12月25日　星期三　甲辰年冬月廿五,17℃,阴16 ~ 20℃,湿度：59%,风向：北风 3级,紫外线：很弱,空气质量：良,PM: 46,07:02,17:49
湛江,2024年12月25日　星期三　甲辰年冬月廿五,18℃,阴15 ~ 22℃,湿度：67%,风向：东北风 2级,紫外线：很弱,空气质量：良,PM: 61,07:13,18:04
中山,2024年12月25日　星期三　甲辰年冬月廿五,16℃,阴16 ~ 21℃,湿度：67%,风向：北风 3级,紫外线：很弱,空气质量：良,PM: 38,07:03,17:49
